{"cameraMode":{"drawMode":0,"name":"Shaded","section":"Shading Mode"},"sceneLighting":true,"audioPlay":false,"sceneViewState":{"m_AlwaysRefresh":false,"showFog":true,"showSkybox":true,"showFlares":true,"showImageEffects":true,"showParticleSystems":true,"showVisualEffectGraphs":true,"m_FxEnabled":true},"in2DMode":false,"pivot":{"x":10.080073356628418,"y":4.133331775665283,"z":34.33336639404297},"rotation":{"x":0.06562093645334244,"y":0.1906762570142746,"z":-0.012734782882034779,"w":0.979287326335907},"size":12.124356269836426,"orthographic":false}