{"cameraMode":{"drawMode":0,"name":"Shaded","section":"Shading Mode"},"sceneLighting":true,"audioPlay":false,"sceneViewState":{"m_AlwaysRefresh":false,"showFog":true,"showSkybox":true,"showFlares":true,"showImageEffects":true,"showParticleSystems":true,"showVisualEffectGraphs":true,"m_FxEnabled":true},"in2DMode":false,"pivot":{"x":-1.1910762786865235,"y":1.5256280899047852,"z":5.253063201904297},"rotation":{"x":0.12553636729717256,"y":-0.1258353590965271,"z":0.016051460057497026,"w":0.983935534954071},"size":16.192556381225587,"orthographic":false}